encoder,pretty_encoder,family,n_samples,in_raw_pool,in_analytical_pool,R5,n_R5,rho5,mean_rho5,R10,n_R10,rho10,mean_rho10,R20,n_R20,rho20,mean_rho20,R50,n_R50,rho50,mean_rho50,R100,n_R100,rho100,mean_rho100,R200,n_R200,rho200,mean_rho200,R500,n_R500,rho500,mean_rho500,delta_R_10_200,conditional_collapse_10_200,conditional_collapse_10_200_pp,n_pass10_common,n_common_10_200,bar_lambda,bar_kappa,bar_tau10,bar_rho10,rho10_q75,rho10_q90,rho10_iqr,rho10_mad,median_Lp,median_raw_gap_10,median_D_pgd10,median_D_fgsm,aggregate_delta_R_10_200,aggregate_baseline_src
clip_rn101,clip_rn101,CLIP / multimodal,872,True,False,,0,,,11.46788990825688,872,0.27714526211114876,0.28953953050660497,4.128440366972478,872,0.3500689619917958,0.36796546274719816,,0,,,,0,,,0.573394495412844,872,0.5039992863525953,0.5371290171464254,,0,,,10.894495412844037,0.95,95.0,100,872,0.20212042331695557,0.8763696187431638,-0.5917068719863892,0.27714526211114876,0.3428460933380466,0.4223175454505339,0.12306452577564442,0.06162374341650789,13.509544372558594,3.847657646812999,5.605004492553178,1.6627918832726993,10.894495412844037,expanded_pool
clip_rn50,clip_rn50,CLIP / multimodal,851,True,False,,0,,,3.8777908343125738,851,0.3171452948032911,0.3250361340590929,1.410105757931845,851,0.4024192102951174,0.4201939483128282,,0,,,,0,,,0.0,851,0.6210813511871143,0.7028099433268991,,0,,,3.8777908343125738,1.0,100.0,33,851,0.1754283457994461,0.8445209155062807,-0.5250681042671204,0.3171452948032911,0.37616220523354293,0.4387417532724234,0.11258834296088605,0.05609593614748398,14.355752944946289,4.5975806191059165,6.851429004359886,2.192870151753484,3.8777908343125738,expanded_pool
clip_vit_l14,CLIP ViT-L/14,CLIP / multimodal,953,True,True,,0,,,48.58342077649528,953,0.19992844506710483,0.22202425372143922,31.269674711437567,953,0.2621087955813204,0.2928230695106108,18.57292759706191,953,0.32693925831171367,0.3601622494401375,,0,,,9.024134312696747,953,0.3982386002689964,0.4479242375316879,,0,,,39.559286463798536,0.8142548596112311,81.42548596112312,463,953,0.2373557686805725,0.947469387892629,-0.7402417063713074,0.19992844506710483,0.2870870477879883,0.39382422510209225,0.16243156263479008,0.07939222762626841,29.468299865722656,5.70996918518793,7.358033955081851,1.5149576471814892,39.55928646379853,expanded_pool
clip_vitb16,CLIP ViT-B/16,CLIP / multimodal,919,True,True,42.00217627856366,919,0.30469920536227235,0.32055493370978544,23.5038084874864,919,0.4871564002688542,0.5186012180263071,15.560391730141458,919,0.5785079613166761,0.6255887918613463,10.228509249183896,919,0.67083651179108,0.7351283822168876,7.50816104461371,919,0.7299328066560978,0.8062783292230015,5.8759521218716,919,0.7913725436379067,0.870610410538889,,0,,,17.6278563656148,0.75,75.0,216,919,0.5143280625343323,0.7324617388477996,-0.2355148196220398,0.4871564002688542,0.6021336306982824,0.7295074660098965,0.20807080716640114,0.10027130129441864,10.317230224609375,5.253503792669764,8.15659904477559,2.717302327494183,17.6278563656148,day1
convnext_base,ConvNeXt-B,ConvNeXt,961,True,True,74.81789802289282,961,0.3643161346358177,0.4668866672582168,67.42976066597295,961,0.5725990512983969,0.8141289786041004,57.33610822060354,961,0.8393141317600608,1.2888170549956586,43.49635796045786,961,1.2582010554029077,2.043190214806929,35.796045785639954,961,1.5488232222367415,2.5833671740515642,31.21748178980229,961,1.9272395179150958,3.0096804114805686,,0,,,36.21227887617066,0.5370370370370371,53.70370370370371,648,961,2.050675630569458,0.4932787222081094,0.13554692268371582,0.5725990512983969,0.9798116485029169,1.671166321911755,0.6129099437162573,0.2519856182293396,4.991161346435547,3.400299862946317,5.670224116677105,2.050644880116864,36.212278876170664,expanded_pool
convnext_large,ConvNeXt-L,ConvNeXt,969,True,True,79.36016511867905,969,0.26547774027821447,0.3591176807246405,68.21465428276574,969,0.45173961811716845,0.6976183290014907,57.997936016511865,969,0.6479467743879255,1.0679036163180557,40.55727554179567,969,0.9458500176332656,1.6203657260631743,31.372549019607842,969,1.2258017085217832,2.0243399981939945,26.625386996904027,969,1.495398484731009,2.4060979265524653,20.94943240454076,969,1.7561296973370912,2.7903416478143597,41.58926728586171,0.6096822995461422,60.968229954614216,661,969,1.1346817016601562,0.8362800773054282,-0.30693063139915466,0.45173961811716845,0.8020059666955959,1.4236202762863561,0.5462332557568033,0.24897164221567314,9.370315551757812,4.1592354471249005,5.626689888047736,1.1930045323732572,41.589267285861716,expanded_pool
convnext_small,ConvNeXt-S,ConvNeXt,965,True,True,71.19170984455958,965,0.3186929580516278,0.37212431512487426,58.96373056994819,965,0.49669211588658824,0.642289708788899,50.88082901554404,965,0.6405284005496235,0.8811329959381703,39.689119170984455,965,0.8460875999509454,1.2439672956373384,32.7461139896373,965,1.0201779886881868,1.5486171150946504,28.186528497409324,965,1.2055543821270547,1.8492393276210188,,0,,,30.777202072538866,0.5219683655536028,52.196836555360285,569,965,1.0792243480682373,0.7795784209305459,-0.2165868729352951,0.49669211588658824,0.7922192630874605,1.2208247411942152,0.4612389026313366,0.20203584228891147,9.19340991973877,5.265564153313134,7.32495214517904,1.8618441251910847,30.777202072538866,day1
convnext_tiny,ConvNeXt-T,ConvNeXt,953,True,True,64.6379853095488,953,0.35737798643646457,0.40654485839785454,51.41657922350472,953,0.5658422124472882,0.692042196953015,42.60230849947534,953,0.7287564422724402,0.9426506876683979,30.535152151101784,953,0.9901352436261384,1.33610911895835,24.554039874081845,953,1.188334940405074,1.644093902435577,20.88142707240294,953,1.3471421172995042,1.8899238066709803,,0,,,30.53515215110178,0.5938775510204082,59.38775510204082,490,953,0.9587874412536621,0.7417882584440463,-0.13777513802051544,0.5658422124472882,0.8373339690914028,1.2268484092734049,0.4457670248232004,0.20590783829485293,10.59632682800293,6.603699851453468,9.631904607540719,2.3288565962821575,30.535152151101784,day1
deit3_large_patch16_224,deit3_large_patch16_224,Supervised ViT / DeiT / DeiT3,975,True,True,88.1025641025641,975,0.23685764439730406,0.3508313450047142,84.2051282051282,975,0.42808065947300644,0.6717330969346795,81.02564102564102,975,0.5848471804706146,1.0152477523509456,73.94871794871794,975,0.7583360847551457,1.417411091888459,67.8974358974359,975,0.89456856995821,1.7441706291186962,63.69230769230769,975,1.0339366210882162,2.065287695243748,,0,,,20.51282051282051,0.243605359317905,24.3605359317905,821,975,2.287726640701294,0.7066867259929754,-0.15985453128814697,0.42808065947300644,0.7789187433880436,1.390706429079495,0.5524394486692392,0.23511052305228208,3.6449155807495117,1.6493199551544955,2.603227569011935,0.7308750125273706,20.512820512820518,day1
deit3_medium_patch16_224,deit3_medium_patch16_224,Supervised ViT / DeiT / DeiT3,950,True,True,67.36842105263158,950,0.5197949948587197,0.6211616376925263,36.0,950,1.0118145020198757,1.1885706202173605,18.947368421052634,950,1.392787509445982,1.6293144716921837,11.052631578947368,950,1.7785070131392287,2.100576939006121,8.736842105263158,950,2.0430998780587304,2.417083806548234,7.894736842105263,950,2.2317404118570785,2.696946337701961,,0,,,28.105263157894736,0.7807017543859649,78.0701754385965,342,950,1.2629908919334412,0.6583142747984554,0.42871470749378204,1.0118145020198757,1.558236211190904,2.1801886622123248,0.9533360839242466,0.44530631080872896,7.06055212020874,7.851671860626217,10.890182453715909,2.3827149478786627,28.105263157894733,day1
deit3_small_patch16_224,deit3_small_patch16_224,Supervised ViT / DeiT / DeiT3,946,True,True,70.82452431289641,946,0.2765688065236622,0.3427951900026526,63.530655391120504,946,0.43278746652538946,0.575563207565722,58.7737843551797,946,0.5707026753934552,0.7563023643337519,51.90274841437632,946,0.7262520901571325,0.9797642712112016,47.040169133192386,946,0.8229199919542746,1.1305431906508718,43.97463002114165,946,0.9048640407281887,1.2783385675274759,,0,,,19.556025369978855,0.30782029950083195,30.782029950083196,601,946,1.5096470713615417,0.4773955312957507,-0.0008241560935857706,0.43278746652538946,0.704690543425269,1.09540924072882,0.4299809491907781,0.19174304885323679,7.490210294723511,3.510530596412657,7.091215110330916,2.8827027285533893,19.556025369978858,day1
deit3_vitb16,DeiT3 ViT-B/16,Supervised ViT / DeiT / DeiT3,963,True,True,82.65835929387332,963,0.2740859872222714,0.33800548010682796,79.33541017653167,963,0.43492634625814375,0.5979267438583394,75.80477673935619,963,0.5716119373051809,0.8376411585701594,71.23572170301142,963,0.7568772187251653,1.132113950750571,66.7705088265836,963,0.8508211585439085,1.3399118939433008,63.862928348909655,963,0.9379606691454656,1.5174852382093889,59.39771547248183,963,1.0583527130824173,1.7385048193506958,15.472481827622012,0.1950261780104712,19.50261780104712,764,963,2.532419204711914,0.45278216940695293,0.033852268010377884,0.43492634625814375,0.7338719480558993,1.1289775560053323,0.4375006847394589,0.1778981062184518,3.9602677822113037,1.9901886455600195,3.8713269073102197,1.484090849267862,15.472481827622019,day1
deit_base_patch16_224,DeiT-Base,Supervised ViT / DeiT / DeiT3,953,True,True,75.55089192025184,953,0.3725336639512289,0.4443193229051479,61.90975865687304,953,0.7363539674202184,0.8866242220804643,47.74396642182581,953,1.0416833765317417,1.260496483725181,32.73871983210913,953,1.4550555853753906,1.6649282086849542,26.128016789087095,953,1.6616211952233173,1.9203725906567584,23.6096537250787,953,1.817673614738169,2.1408082853247685,,0,,,38.30010493179434,0.6186440677966102,61.86440677966102,590,953,1.6591852903366089,0.7016370363026523,0.10337164252996445,0.7363539674202184,1.1714489453261816,1.6917122417126318,0.6974191306825759,0.298354740332647,5.501838207244873,4.664149274317921,6.918924814079077,1.5330733448694016,38.30010493179434,expanded_pool
deit_small_patch16_224,deit_small_patch16_224,Supervised ViT / DeiT / DeiT3,932,True,True,,0,,,61.26609442060086,932,0.610073080433267,0.7398069604147647,48.497854077253216,932,0.8287530989503175,1.0141758680120285,36.587982832618025,932,1.0611696216602622,1.296548411053834,,0,,,28.00429184549356,932,1.3057478684655237,1.58782121458831,,0,,,33.261802575107296,0.542907180385289,54.290718038528894,571,932,1.3757668733596802,0.6708670447819794,0.02120834868401289,0.610073080433267,0.8981975110910441,1.3559998316709878,0.47221857229204856,0.22274431649504733,6.423443555831909,4.485305990175091,7.123030418097033,1.9121702102502147,33.261802575107296,expanded_pool
deit_tiny,deit_tiny,Supervised ViT / DeiT / DeiT3,885,True,True,54.68926553672316,885,0.31078290579067414,0.34041348245502656,40.225988700564976,885,0.512631399519897,0.5674947895233893,31.9774011299435,885,0.6360579318170423,0.7268832604552955,25.76271186440678,885,0.7637720639762127,0.8996920224083802,22.372881355932204,885,0.8567207236493779,1.0084685336179129,20.0,885,0.9262991282565167,1.0830994179767177,,0,,,20.225988700564976,0.5028089887640449,50.28089887640449,356,885,0.7750415802001953,0.6364714083978043,-0.05218280479311943,0.512631399519897,0.6940687524399647,0.9242934506251433,0.3196880733550578,0.14923636530420392,9.987003326416016,5.498792610704916,9.263853120665715,3.3442888195262634,20.225988700564972,day1
densenet121,densenet121,EfficientNet / DenseNet / MobileNet / Mixer,911,True,True,,0,,,41.602634467618,911,0.35332901932513683,0.37764919071905984,38.748627881448954,911,0.4022675114861931,0.43762042753464037,36.11416026344676,911,0.4456551620126046,0.4927390918042393,,0,,,34.13830954994512,911,0.48837885184664365,0.5519686255969779,,0,,,7.464324917672883,0.17941952506596306,17.941952506596305,379,911,0.7953905463218689,0.4288242458598468,-0.07045328617095947,0.35332901932513683,0.44052989503767304,0.5482508218975752,0.15673686959054223,0.07564806261894508,11.057863235473633,4.056533710769453,10.296065331625357,6.147644273552766,7.464324917672887,expanded_pool
densenet201,densenet201,EfficientNet / DenseNet / MobileNet / Mixer,929,True,True,,0,,,50.80731969860065,929,0.27420028625585946,0.29038348496278615,48.65446716899892,929,0.30319623510643234,0.3291472021960977,46.5016146393972,929,0.32118578040389956,0.36453543240072134,,0,,,44.13347685683531,929,0.3375781060870957,0.4028427613493016,,0,,,6.673842841765342,0.13135593220338984,13.135593220338984,472,929,0.9238680601119995,0.34412945230111847,-0.07483342289924622,0.27420028625585946,0.34567160631625704,0.41701106963432194,0.13176305975724745,0.06597494041381591,9.692086219787598,2.6738527933347864,8.968177788404077,5.972075400527967,6.673842841765342,expanded_pool
dino_resnet50,dino_resnet50,Self-supervised DINO / DINOv2,887,True,True,,0,,,37.0913190529876,887,0.35247463992915584,0.36769542505563696,33.82187147688839,887,0.4028760680594834,0.4328338950635673,31.34160090191657,887,0.44655977311697237,0.5017180019285165,,0,,,28.52311161217587,887,0.4962084657045702,0.5917859719821921,,0,,,8.56820744081173,0.23100303951367782,23.10030395136778,329,887,0.7480214238166809,0.446976508001228,-0.08634234219789505,0.35247463992915584,0.4206240600271692,0.49318327718092825,0.12274453061710994,0.061008959027929244,6.006140232086182,2.25414080470454,5.619173050273059,3.3076776710393005,8.568207440811726,day1
dino_vitb16,dino_vitb16,Self-supervised DINO / DINOv2,917,True,True,,0,,,78.29880043620501,917,0.1702742604116253,0.20487939041168465,76.99018538713194,917,0.18633279634733535,0.23662441100654005,76.22682660850599,917,0.1950491139028765,0.26235058843862935,,0,,,75.89967284623773,917,0.19986480525202732,0.28093091617734905,,0,,,2.3991275899672786,0.03064066852367688,3.064066852367688,718,917,2.1263864040374756,0.11531774588149446,0.035486843436956406,0.1702742604116253,0.2808991327787629,0.39103399012427215,0.18490894475759756,0.08776822427964459,11.543716430664062,1.9144552442605232,11.709501228377157,9.248440047114554,2.399127589967287,expanded_pool
dino_vitb8,dino_vitb8,Self-supervised DINO / DINOv2,930,True,True,,0,,,77.09677419354838,930,0.1266468909845102,0.1801918124632305,75.91397849462366,930,0.14891217847019478,0.23183000827973405,75.16129032258064,930,0.16823048543171915,0.2796349528579544,,0,,,73.9784946236559,930,0.18188471882724988,0.32987361238210944,,0,,,3.1182795698924792,0.040446304044630406,4.044630404463041,717,930,2.26872718334198,0.026940797576658904,0.08862285688519478,0.1266468909845102,0.2125259966902171,0.3504911737735755,0.1294888825196006,0.05598339643435546,9.46484088897705,1.2535646993373994,10.66034411836616,9.03534007862439,3.1182795698924792,expanded_pool
dino_vits16,DINO ViT-S/16,Self-supervised DINO / DINOv2,909,True,True,69.96699669966998,909,0.1273916946931397,0.1546731947035597,69.3069306930693,909,0.16208680842968137,0.2005101186288338,68.2068206820682,909,0.17963421983525496,0.22883285581907722,68.0968096809681,909,0.19120865616643057,0.25605095383450144,67.65676567656766,909,0.19689005923328295,0.27276983513882136,67.32673267326733,909,0.19863495586237256,0.2845583075719484,67.32673267326733,909,0.1994873992129529,0.2898533798039899,1.9801980198019749,0.02857142857142857,2.857142857142857,630,909,1.695979118347168,0.09630795076650145,0.04444894194602966,0.16208680842968137,0.2649512781830987,0.38799286673885164,0.1701148188824264,0.07807442405767873,32.21938705444336,4.95704003896202,33.81147764027082,27.41104205824604,1.9801980198019709,day1
dinov2_vitb14,dinov2_vitb14,Self-supervised DINO / DINOv2,963,True,True,,0,,,67.39356178608516,963,0.3538796481573385,0.443471613694965,61.37071651090342,963,0.44623232572696025,0.621273883199556,53.271028037383175,963,0.5763753445192776,0.8808032142920218,,0,,,45.794392523364486,963,0.7903351458079726,1.26776538652537,,0,,,21.59916926272067,0.3204930662557781,32.04930662557781,649,963,1.7361277341842651,0.24376929804776282,0.11452000588178635,0.3538796481573385,0.548894084600734,0.8266363198248106,0.3025892085858459,0.13759674481089235,8.075526237487793,3.1753885722670336,9.041195863466612,5.646700881818592,21.599169262720668,day1
dinov2_vitl14,dinov2_vitl14,Self-supervised DINO / DINOv2,965,True,True,80.51813471502591,965,0.27204142313240887,0.3372571532665615,74.09326424870466,965,0.41396509017442185,0.6003696759460998,67.15025906735751,965,0.5541046906482388,0.889576268743855,56.06217616580311,965,0.7792274701002304,1.3996800435054073,49.94818652849741,965,0.9430350711920035,1.7408936108868356,46.32124352331606,965,1.174332169479797,2.093157527181403,,0,,,27.772020725388593,0.3748251748251748,37.48251748251748,715,965,2.2855608463287354,0.2697423130825882,0.13966944813728333,0.41396509017442185,0.7002411324471991,1.1707719045304097,0.4371196950852685,0.1865893095253881,5.2310872077941895,2.579941839970914,6.348202693126041,3.4473400907000014,27.772020725388597,expanded_pool
dinov2_vits14,dinov2_vits14,Self-supervised DINO / DINOv2,924,True,True,62.55411255411255,924,0.18891066134497336,0.21888605596374533,56.709956709956714,924,0.27744738928138035,0.34815046595410315,51.73160173160173,924,0.34446459073259206,0.4760072530612108,45.67099567099567,924,0.42154137603816544,0.6366512875782803,42.532467532467535,924,0.4833895266950301,0.7742457397568691,40.476190476190474,924,0.5257392770968075,0.8980738792700994,,0,,,16.23376623376624,0.2862595419847328,28.62595419847328,524,924,1.3582487106323242,0.12829182829600944,0.12448494136333466,0.27744738928138035,0.44790277461748906,0.713421856160244,0.2913934553825852,0.13693708816842076,10.890130996704102,3.132945738796513,12.761235298096988,9.159960816225649,16.233766233766232,expanded_pool
efficientnet_b0,EfficientNet-B0,EfficientNet / DenseNet / MobileNet / Mixer,923,True,True,66.30552546045504,923,0.13618158375859224,0.16282237004272107,64.24702058504876,923,0.1848166118650596,0.23098006036728322,62.8385698808234,923,0.20484806293075408,0.2702336910179445,61.32177681473456,923,0.22151044123572827,0.29839176122955346,61.105092091007585,923,0.22733558655716735,0.31079695780683403,60.88840736728061,923,0.2279139491617279,0.31697580210135584,,0,,,3.358613217768152,0.05227655986509275,5.227655986509275,593,923,1.6553874015808105,0.08669203264706682,0.08934681862592697,0.1848166118650596,0.2934595747274291,0.42637043781340334,0.1688761476697751,0.07505736935633944,4.492032527923584,0.862777602899659,5.120311262183628,4.11685354033697,3.358613217768147,day1
efficientnet_b1,efficientnet_b1,EfficientNet / DenseNet / MobileNet / Mixer,932,True,True,,0,,,67.16738197424893,932,0.22543135417120386,0.29108601010903995,65.98712446351931,932,0.255801004504937,0.34447546825855396,65.34334763948499,932,0.2765549401310614,0.3806460707918038,,0,,,64.69957081545064,932,0.2841430359780608,0.40616125998199404,,0,,,2.467811158798284,0.036741214057507986,3.6741214057507987,626,932,2.260969638824463,0.04795755942856217,0.1683269366621971,0.22543135417120386,0.3429580873283573,0.5613068372536961,0.19942620439766756,0.09331725053150008,3.5719085931777954,0.8751871760824728,4.553989898491821,3.4723358283000367,2.467811158798283,expanded_pool
efficientnet_b3,efficientnet_b3,EfficientNet / DenseNet / MobileNet / Mixer,936,True,True,,0,,,58.76068376068376,936,0.45681465954810996,0.6586425426487589,52.991452991452995,936,0.5697545688449179,0.9332013634893235,46.47435897435898,936,0.6552547163859028,1.2229343248254056,,0,,,42.73504273504273,936,0.7588750533034148,1.4788686700642464,,0,,,16.02564102564103,0.2727272727272727,27.27272727272727,550,936,2.2689300775527954,0.09142958842249627,0.3714921623468399,0.45681465954810996,0.7581180597210666,1.3379747822827408,0.5086276640888319,0.22791193104891505,3.572726845741272,1.8840962248596549,5.7716944078745165,3.383450597494419,16.02564102564103,expanded_pool
mixer_b16_224,mixer_b16_224,EfficientNet / DenseNet / MobileNet / Mixer,912,True,True,,0,,,66.00877192982456,912,0.42511100753630693,0.6316775543175289,57.675438596491226,912,0.5851929657906845,0.8641115531282567,51.64473684210527,912,0.709829124054334,1.0777844032294768,,0,,,48.24561403508772,912,0.8395800575932055,1.258025498115102,,0,,,17.763157894736842,0.2691029900332226,26.910299003322258,602,912,2.1196833848953247,0.06732389426159724,0.35165029764175415,0.42511100753630693,0.8322250521323156,1.4494617711256494,0.628332718074639,0.2613967524739369,4.535369873046875,2.12316759268774,6.794976843176656,3.9105877692265407,17.763157894736842,expanded_pool
mobilenetv3_large_100,mobilenetv3_large_100,EfficientNet / DenseNet / MobileNet / Mixer,911,True,True,,0,,,39.40724478594951,911,0.3222784052292589,0.34831697815454105,37.54116355653128,911,0.35473053112350694,0.3967933003069732,35.67508232711306,911,0.38111873357562165,0.43604663887099904,,0,,,34.357848518111965,911,0.401643512602301,0.4695945799113101,,0,,,5.049396267837544,0.12813370473537605,12.813370473537605,359,911,0.7812116146087646,0.3802400385734064,-0.05985191836953163,0.3222784052292589,0.41410004893994845,0.5138716761590221,0.1581782805386357,0.07678245906139125,11.617469787597656,3.7877209012896933,11.018914215156364,6.9883233654237005,5.049396267837541,expanded_pool
resnet101,resnet101,ResNet / Wide-ResNet,932,True,True,,0,,,59.65665236051502,932,0.4129505236230564,0.46580163183682816,54.93562231759657,932,0.48566391996258185,0.5626819493120295,51.39484978540773,932,0.551121750664923,0.661150539930131,,0,,,46.78111587982833,932,0.611523996174486,0.7704780378059333,,0,,,12.87553648068669,0.2158273381294964,21.58273381294964,556,932,1.2855631113052368,0.5129656459964844,-0.08396865427494049,0.4129505236230564,0.5503300500842803,0.6969979736716322,0.21991003643068163,0.09712790255534909,6.19342565536499,2.780972190224211,5.946348172685953,3.028427129545019,12.875536480686689,expanded_pool
resnet152,resnet152,ResNet / Wide-ResNet,951,True,True,,0,,,61.40904311251314,951,0.41279475535225707,0.45472058190055686,56.782334384858046,951,0.4810181184688247,0.5485242596502414,52.15562565720294,951,0.5462691247459706,0.6450273361128893,,0,,,47.52891692954784,951,0.6407146913732009,0.77181173073335,,0,,,13.880126182965299,0.22602739726027396,22.602739726027394,584,951,1.2572914361953735,0.5391650195472426,-0.11631496995687485,0.41279475535225707,0.5297364889871863,0.678433360115291,0.20255534172962597,0.09219294173681725,6.405669689178467,2.8030713613975715,5.92900559217766,2.9856511365019474,13.880126182965297,expanded_pool
resnet18,resnet18,ResNet / Wide-ResNet,892,True,True,49.55156950672646,892,0.2124295665813386,0.22374497915421107,44.61883408071749,892,0.2881964756350332,0.30898013972858285,43.04932735426009,892,0.32061109275423716,0.3466341717575811,41.92825112107623,892,0.3398828743605755,0.372696610988919,41.92825112107623,892,0.3477465738955836,0.3852422998755758,41.47982062780269,892,0.3513758055518973,0.39432109673335214,,0,,,3.139013452914803,0.07035175879396985,7.035175879396985,398,892,0.8381259739398956,0.35393801540771364,-0.06490116566419601,0.2881964756350332,0.3566734265997313,0.44163862337414406,0.1237272630476165,0.06061915473390567,7.535820484161377,2.1742279929306307,7.195612159321769,4.764381370912584,3.139013452914802,day1
resnet34,resnet34,ResNet / Wide-ResNet,923,True,True,,0,,,52.22101841820152,923,0.3867724140754234,0.4454496541045727,49.729144095341276,923,0.4485667107245437,0.5202629091077532,47.77898158179848,923,0.4874969420996651,0.5789814740892429,,0,,,45.17876489707476,923,0.5275182269517265,0.6434410192100766,,0,,,7.04225352112676,0.13485477178423236,13.485477178423237,482,923,1.2128175497055054,0.3867657510399516,0.015811830759048462,0.3867724140754234,0.5376642922353296,0.7430433417655309,0.24867895377357208,0.11442255854882077,5.7748894691467285,2.41275841472292,6.157985632757885,3.5241112478736567,7.0422535211267565,expanded_pool
resnet50_timm,resnet50_timm,ResNet / Wide-ResNet,928,True,True,61.422413793103445,928,0.27856384630877296,0.3016107195250358,52.1551724137931,928,0.4111454965732778,0.45397906150051104,46.65948275862069,928,0.4826036294431906,0.5384634445989029,44.18103448275862,928,0.5398020504428754,0.6082580830551434,42.133620689655174,928,0.572380340062317,0.6491715825724264,40.73275862068966,928,0.5998917933750464,0.6833282554352944,,0,,,11.422413793103445,0.2190082644628099,21.90082644628099,484,928,1.0025975704193115,0.5198332314160435,-0.11250781267881393,0.4111454965732778,0.5320613201061186,0.6703271102565718,0.20239041916795975,0.0943184343696315,7.54415488243103,3.2168433375485495,6.899545432826002,3.5236213498878506,11.422413793103448,day1
swin_base_patch4_window7_224,Swin-B,Swin / SwinV2,960,True,True,73.54166666666667,960,0.3896451259333489,0.5380195994326734,51.45833333333333,960,0.9405520446487394,1.1585768624853765,27.8125,960,1.3697117542655555,1.6801312143870026,12.5,960,1.8578315413983209,2.194254500526498,7.604166666666666,960,2.0820584290641655,2.5438457734050934,6.041666666666667,960,2.3746011696605986,2.8431430281528143,5.3125,960,2.649807540569284,3.1520024342278345,45.416666666666664,0.8825910931174089,88.25910931174089,494,960,1.360593318939209,0.7721982326699214,0.2652995139360428,0.9405520446487394,1.571689125121301,2.2741195083277645,1.0551960154268833,0.4905593221276421,6.031148910522461,6.575598785226273,8.394778346973965,1.21180748022431,45.41666666666666,expanded_pool
swin_small_patch4_window7_224,swin_small_patch4_window7_224,Swin / SwinV2,959,True,True,,0,,,52.55474452554745,959,0.5597570826468057,0.7302018072635597,30.656934306569344,959,0.8676297997632088,1.0733948208501167,12.825860271115747,959,1.1528599873242467,1.4374953745790329,,0,,,5.839416058394161,959,1.5314328914481457,1.9023314758843581,,0,,,46.715328467153284,0.8888888888888888,88.88888888888889,504,959,0.794721782207489,0.8843634454761342,-0.2531311810016632,0.5597570826468057,0.948850492750847,1.413700654192283,0.5895332489302523,0.2528931537332517,10.71793270111084,6.873933952240902,8.37821870359457,0.9118366508191912,46.71532846715329,expanded_pool
swin_tiny_patch4_window7_224,swin_tiny_patch4_window7_224,Swin / SwinV2,950,True,True,,0,,,40.63157894736842,950,0.6743491233879824,0.8207867934555858,23.57894736842105,950,0.9379047542027628,1.1680869472357571,13.368421052631579,950,1.2763178323374094,1.5902276013100758,,0,,,7.368421052631578,950,1.7917534958363737,2.1882401536919565,,0,,,33.26315789473684,0.8186528497409327,81.86528497409327,386,950,0.9433563351631165,0.6971283979194229,0.08766432479023933,0.6743491233879824,0.9961968836049765,1.4921874737351815,0.5556880603556719,0.264584508204181,8.962016582489014,6.918725429843512,9.765428568074178,2.401125314349204,33.263157894736835,expanded_pool
swinv2_tiny_window8_256,SwinV2-Tiny,Swin / SwinV2,961,True,True,66.59729448491156,961,0.3511559551364094,0.43185855357401687,44.22476586888658,961,0.7491039886178481,0.919205587308676,24.24557752341311,961,1.1164628526946743,1.3928437830798734,10.718002081165452,961,1.550833550752941,1.9439222820095172,6.971904266389179,961,1.879531370537288,2.3390573765907527,4.890738813735692,961,2.1692845441892894,2.7071358297849586,,0,,,39.334027055150884,0.8894117647058823,88.94117647058823,425,961,1.0367459058761597,0.7595453052335612,0.06474626809358597,0.7491039886178481,1.1404430515295871,1.6838527115175288,0.637100109815131,0.30219516333440244,8.041009902954102,6.918035614277956,8.937543860873802,1.6321925327013582,39.33402705515089,expanded_pool
vit_base_patch16_224,ViT-B/16,Supervised ViT / DeiT / DeiT3,967,True,True,80.86866597724922,967,0.30895497065450783,0.3524461548509826,60.082730093071355,967,0.6797824929813953,0.8063279825770511,37.435367114788,967,1.046219356441398,1.2167436702910837,18.510858324715613,967,1.4126245020748671,1.6203078583679893,11.582213029989658,967,1.6468225307388877,1.8741374588535054,8.376421923474664,967,1.8480216534081677,2.0807183267388853,5.894519131334023,967,2.031993894290114,2.2683590398674762,51.70630816959669,0.8605851979345955,86.05851979345955,581,967,1.113892674446106,0.8219619256146284,-0.08913105726242065,0.6797824929813953,1.0199926073090242,1.437493172532982,0.5626642098915167,0.263681872924337,9.457230567932129,7.249782586528931,9.289336204832125,1.4799395015850279,51.706308169596696,expanded_pool
vit_small_patch16_224,vit_small_patch16_224,Supervised ViT / DeiT / DeiT3,916,True,True,,0,,,70.3056768558952,916,0.3455488041209107,0.3910394558481097,67.90393013100436,916,0.4044033940749585,0.4833763960648076,63.31877729257642,916,0.4465961876745901,0.5996237041561626,,0,,,56.659388646288214,916,0.5063423299632839,0.7622143777827917,,0,,,13.646288209606986,0.19409937888198758,19.40993788819876,644,916,1.3217872977256775,0.5304907532962688,-0.12965736538171768,0.3455488041209107,0.46473364267263195,0.6425108889022434,0.21752593744386506,0.10701768855638161,9.735258102416992,3.319679690588057,7.112525924870466,3.4261788821209427,13.646288209606983,expanded_pool
vit_tiny_patch16_224,vit_tiny_patch16_224,Supervised ViT / DeiT / DeiT3,890,True,True,,0,,,48.53932584269663,890,0.3356461202664507,0.35826399883736343,44.9438202247191,890,0.3726544173966957,0.40309488704774143,41.34831460674157,890,0.39469976987490685,0.44437427656211315,,0,,,39.438202247191015,890,0.415618361879433,0.4828924427531036,,0,,,9.101123595505612,0.1875,18.75,432,890,0.6168507039546967,0.6397163128822658,-0.2362278774380684,0.3356461202664507,0.4225327886163453,0.5259818483044925,0.15680188210335927,0.07814900598957175,31.11693000793457,11.506655804283309,21.582055855782038,9.76126674814533,9.101123595505618,expanded_pool
wide_resnet50_2,wide_resnet50_2,ResNet / Wide-ResNet,947,True,True,,0,,,61.034846884899686,947,0.47952343180903156,0.5494512154372091,57.022175290390706,947,0.57725243104667,0.7014973593827176,50.36958817317846,947,0.6877217196615666,0.9052559342391623,,0,,,41.2882787750792,947,0.8119754323212192,1.1635796060090413,,0,,,19.746568109820487,0.3235294117647059,32.35294117647059,578,947,1.5694832801818848,0.46869119193341646,0.03584524244070053,0.47952343180903156,0.6366160428727012,0.8612939214550985,0.25780100829207675,0.12184184199392156,5.4218668937683105,2.910271482070604,5.964577137376523,2.8575841005194422,19.74656810982049,expanded_pool
